<?xml version="1.0" encoding="UTF-8"?>

<!DOCTYPE mapper
  PUBLIC "-//mybatis.org//DTD Mapper 3.0//EN"
  "https://mybatis.org/dtd/mybatis-3-mapper.dtd">

<mapper namespace="com.boot.transaction.model.TransactionMapper">

	<select id="product_list" parameterType="Page" resultType="Product">
        <![CDATA[
  			select * from
				(select row_number()
					over(order by product_date desc) rnum, a.* from transaction_product a)
						where rnum >= #{startNo} and rnum <= #{endNo}
  		]]>
	</select>
	
	<select id="products_count" resultType="int">
		select count(*) from transaction_product
	</select>

	<select id="products_search_count" parameterType="map" resultType="int">
	    select count(*) from transaction_product
	    where 1=1
	    <if test="area != null and area != ''">
            AND sales_area LIKE '%' || #{area} || '%'
        </if>
        <if test="category != null and category != ''">
            AND category_code = #{category}
        </if>
        <if test="keyword != null and keyword != ''">
		  AND REPLACE(product_title, ' ', '') LIKE '%' || REPLACE(#{keyword}, ' ', '') || '%'
		</if>
	</select>
	
	
	<!-- 검색 기능 -->
	<select id="products_search_list" parameterType="Page" resultType="Product">
	    SELECT * FROM (
	        SELECT b.*, rownum AS rn FROM (
	            SELECT * FROM transaction_product
	            WHERE 1=1
	            <if test="area != null and area != ''">
	                AND sales_area LIKE '%' || #{area} || '%'
	            </if>
	            <if test="category != null and category != ''">
	                AND category_code = #{category}
	            </if>
	            <if test="keyword != null and keyword != ''">
				  AND REPLACE(product_title, ' ', '') LIKE '%' || REPLACE(#{keyword}, ' ', '') || '%'
				</if>
	            ORDER BY product_date DESC
	        ) b
	        WHERE rownum &lt;= #{endNo}
	    )
	    WHERE rn &gt;= #{startNo}
	</select>

	<select id="category_list" resultType="Category">
		select * from transaction_category order by category_num
	</select>
	
	<select id="product_list_by_category" parameterType="string" resultType="Product">
	    SELECT * FROM transaction_product WHERE category_code = #{categoryCode}
	    	ORDER BY product_date DESC
	</select>

	<insert id="product_insert" parameterType="Product">
		<selectKey keyProperty="product_num" resultType="int" order="BEFORE">
			select nvl(max(product_num), 0) + 1 from transaction_product
		</selectKey>
		
		insert into transaction_product values(#{product_num}, #{category_code}, #{product_name},
			sysdate, #{product_img}, #{product_des}, #{user_id}, #{sales_price}, #{sales_area}, 
			#{product_title}, default, default)
	</insert>
	
	<select id="user_product_list" resultType="Product" parameterType="String">
		select * from transaction_product where user_id = #{user_id} order by product_date desc
	</select>
	
	<update id="user_product_modify" parameterType="Product">
		update transaction_product set product_title = #{product_title}, product_name = #{product_name},
			product_des = #{product_des}, sales_price = #{sales_price} where product_num = #{product_num}
	</update>
	
	<delete id="user_product_delete" parameterType="int">
		delete from transaction_product where product_num = #{product_num}
	</delete>
	
	<update id="product_num_seq" parameterType="int">
		update transaction_product set product_num = product_num - 1 where product_num > #{product_num}
	</update>
	
	<!-- 회원가입 기능 -->
	<insert id="insertUser" parameterType="User">
	    insert into transaction_user values (
	        #{user_id}, #{user_pwd}, #{user_name}, #{user_age},
	        #{user_email}, #{user_phone}, #{user_addr}, SYSDATE
	    )
	</insert>
	
	<select id="findId" resultType="User">
	    select * from transaction_user where user_id = #{user_id}
	</select>
	
	<select id="selectProduct" parameterType="int" resultType="Product">
	    select * from transaction_product where product_num = #{product_num}
	</select>
	

	<!-- 채팅 기능 -->
	<insert id="sendMessage" parameterType="Chat">
		insert into transaction_chat_messages (from_user, to_user, product_num, message)
			values(#{from_user}, #{to_user}, #{product_num}, #{message})
	</insert>
	
	<select id="getMessageHistory" resultType="Chat">
	    SELECT * FROM transaction_chat_messages
	    WHERE
	        ((from_user = #{from} AND to_user = #{to})
	         OR (from_user = #{to} AND to_user = #{from}))
	        AND product_num = #{product_num}
	    ORDER BY sent_time ASC
	</select>
	
	<select id="getChatMessages" resultType="Chat">
	    SELECT * FROM transaction_chat_messages
	    WHERE (from_user = #{buyer_id} AND to_user = #{seller_id})
	       OR (from_user = #{seller_id} AND to_user = #{buyer_id})
	      AND product_num = #{product_num}
	    ORDER BY sent_time
	</select>

</mapper>