<?xml version="1.0" encoding="UTF-8"?>

<!DOCTYPE mapper
  PUBLIC "-//mybatis.org//DTD Mapper 3.0//EN"
  "https://mybatis.org/dtd/mybatis-3-mapper.dtd">

<mapper namespace="com.boot.transaction.model.TransactionMapper">

	<select id="product_list" parameterType="Page" resultType="Product">
        <![CDATA[
  			select * from
				(select row_number()
					over(order by product_date desc) rnum, a.* from transaction_product a)
						where rnum >= #{startNo} and rnum <= #{endNo}
  		]]>
	</select>
	
	<select id="products_count" resultType="int">
		select count(*) from transaction_product
	</select>

	<select id="category_list" resultType="Category">
		select * from transaction_category order by category_num
	</select>

	<insert id="product_insert" parameterType="Product">
		<selectKey keyProperty="product_num" resultType="int" order="BEFORE">
			select nvl(max(product_num), 0) + 1 from transaction_product
		</selectKey>
		
		insert into transaction_product values(#{product_num}, #{category_code}, #{product_name},
			sysdate, #{product_img}, #{product_des}, #{user_id}, #{sales_price}, #{sales_area}, 
			#{product_title}, default, default)
	</insert>
	
	<!-- 로그인 작업 후 parameterType과 where 조건 추가(user_id에 해당하는 물품만 조회) -->
	<select id="user_product_list" resultType="Product">
		select * from transaction_product order by product_date desc
	</select>
	
	<!-- 회원가입 기능 -->
	<insert id="insertUser" parameterType="User">
	    insert into transaction_user values (
	        #{user_id}, #{user_pwd}, #{user_name}, #{user_age},
	        #{user_email}, #{user_phone}, #{user_addr}, SYSDATE
	    )
	</insert>
	
	<select id="findId" resultType="User">
	    select * from transaction_user where user_id = #{user_id}
	</select>

</mapper>